Workbook

Sheet Ringkasan_Eksekutif
A1: UNIVERSITAS SYIAH KUALA — DASHBOARD EKSEKUTIF KEBOCORAN KELULUSAN PMB (2022–2026)
A2: Sintesis Longitudinal Disparitas Kelulusan Seleksi vs Registrasi Ulang Riil Mahasiswa Baru (Seluruh Jalur Masuk)
A4: TOTAL LULUS SELEKSI (5 TAHUN) | D4: TOTAL REGISTRASI ULANG (DU) | G4: TOTAL GUGUR / TIDAK REGISTRASI | J4: RATA-RATA % GUGUR USK
A5: =Rincian_Per_Prodi!Y87 | D5: =Rincian_Per_Prodi!Z87 | G5: =Rincian_Per_Prodi!AA87 | J5: =Rincian_Per_Prodi!AB87
A6: Calon Mahasiswa Dinyatakan Lulus | D6: ="Tingkat Konversi: " & TEXT(Rincian_Per_Prodi!Z87/Rincian_Per_Prodi!Y87*100, "0.0") & "%" | G6: Kursi Ditinggalkan / Menolak Lolos | J6: Defisit Konversi Calon Mahasiswa
A8: Tabel 1: Rekapitulasi Tahunan Dinamika Kelulusan vs Registrasi Ulang (2022–2026)
A9: Tahun Akademik | B9: Total Lulus Seleksi | C9: Daftar Ulang (DU) | D9: Selisih Gugur | E9: % Gugur (Bocor) | F9: % Yield Rate | G9: Status Efisiensi
A10: 2022 | B10: =Rincian_Per_Prodi!U87 | C10: =Rincian_Per_Prodi!V87 | D10: =Rincian_Per_Prodi!W87 | E10: =Rincian_Per_Prodi!X87 | F10: =IF(B10>0, (C10/B10)*100, 0) | G10: =IF(E10<=16.5, "Optimal", IF(E10<=18.0, "Moderat", "Waspada"))
A11: 2023 | B11: =Rincian_Per_Prodi!Q87 | C11: =Rincian_Per_Prodi!R87 | D11: =Rincian_Per_Prodi!S87 | E11: =Rincian_Per_Prodi!T87 | F11: =IF(B11>0, (C11/B11)*100, 0) | G11: =IF(E11<=16.5, "Optimal", IF(E11<=18.0, "Moderat", "Waspada"))
A12: 2024 | B12: =Rincian_Per_Prodi!M87 | C12: =Rincian_Per_Prodi!N87 | D12: =Rincian_Per_Prodi!O87 | E12: =Rincian_Per_Prodi!P87 | F12: =IF(B12>0, (C12/B12)*100, 0) | G12: =IF(E12<=16.5, "Optimal", IF(E12<=18.0, "Moderat", "Waspada"))
A13: 2025 | B13: =Rincian_Per_Prodi!I87 | C13: =Rincian_Per_Prodi!J87 | D13: =Rincian_Per_Prodi!K87 | E13: =Rincian_Per_Prodi!L87 | F13: =IF(B13>0, (C13/B13)*100, 0) | G13: =IF(E13<=16.5, "Optimal", IF(E13<=18.0, "Moderat", "Waspada"))
A14: 2026 | B14: =Rincian_Per_Prodi!E87 | C14: =Rincian_Per_Prodi!F87 | D14: =Rincian_Per_Prodi!G87 | E14: =Rincian_Per_Prodi!H87 | F14: =IF(B14>0, (C14/B14)*100, 0) | G14: =IF(E14<=16.5, "Optimal", IF(E14<=18.0, "Moderat", "Waspada"))
A15: TOTAL 5 TAHUN | B15: =Rincian_Per_Prodi!Y87 | C15: =Rincian_Per_Prodi!Z87 | D15: =Rincian_Per_Prodi!AA87 | E15: =Rincian_Per_Prodi!AB87 | F15: =IF(B15>0, (C15/B15)*100, 0) | G15: 16.7% Rata-rata
A17: Tabel 2: Peringkat Disparitas Kelulusan vs Registrasi Ulang per Fakultas (Formula Dinamis SUMIF)
A18: Peringkat | B18: Fakultas / Unit | C18: Jumlah Prodi | D18: Total Lulus | E18: Total DU | F18: Total Gugur | G18: % Gugur (Bocor)
A19: 1 | B19: PSDKU Gayo Lues | C19: =COUNTIF(Rincian_Per_Prodi!$B$6:$B$86, B19) | D19: =SUMIF(Rincian_Per_Prodi!$B$6:$B$86, B19, Rincian_Per_Prodi!$Y$6:$Y$86) | E19: =SUMIF(Rincian_Per_Prodi!$B$6:$B$86, B19, Rincian_Per_Prodi!$Z$6:$Z$86) | F19: =SUMIF(Rincian_Per_Prodi!$B$6:$B$86, B19, Rincian_Per_Prodi!$AA$6:$AA$86) | G19: =IF(D19>0, (F19/D19)*100, 0)
A20: 2 | B20: Keperawatan | C20: =COUNTIF(Rincian_Per_Prodi!$B$6:$B$86, B20) | D20: =SUMIF(Rincian_Per_Prodi!$B$6:$B$86, B20, Rincian_Per_Prodi!$Y$6:$Y$86) | E20: =SUMIF(Rincian_Per_Prodi!$B$6:$B$86, B20, Rincian_Per_Prodi!$Z$6:$Z$86) | F20: =SUMIF(Rincian_Per_Prodi!$B$6:$B$86, B20, Rincian_Per_Prodi!$AA$6:$AA$86) | G20: =IF(D20>0, (F20/D20)*100, 0)
A21: 3 | B21: Pertanian | C21: =COUNTIF(Rincian_Per_Prodi!$B$6:$B$86, B21) | D21: =SUMIF(Rincian_Per_Prodi!$B$6:$B$86, B21, Rincian_Per_Prodi!$Y$6:$Y$86) | E21: =SUMIF(Rincian_Per_Prodi!$B$6:$B$86, B21, Rincian_Per_Prodi!$Z$6:$Z$86) | F21: =SUMIF(Rincian_Per_Prodi!$B$6:$B$86, B21, Rincian_Per_Prodi!$AA$6:$AA$86) | G21: =IF(D21>0, (F21/D21)*100, 0)
A22: 4 | B22: Kelautan dan Perikanan | C22: =COUNTIF(Rincian_Per_Prodi!$B$6:$B$86, B22) | D22: =SUMIF(Rincian_Per_Prodi!$B$6:$B$86, B22, Rincian_Per_Prodi!$Y$6:$Y$86) | E22: =SUMIF(Rincian_Per_Prodi!$B$6:$B$86, B22, Rincian_Per_Prodi!$Z$6:$Z$86) | F22: =SUMIF(Rincian_Per_Prodi!$B$6:$B$86, B22, Rincian_Per_Prodi!$AA$6:$AA$86) | G22: =IF(D22>0, (F22/D22)*100, 0)
A23: 5 | B23: Kedokteran Hewan | C23: =COUNTIF(Rincian_Per_Prodi!$B$6:$B$86, B23) | D23: =SUMIF(Rincian_Per_Prodi!$B$6:$B$86, B23, Rincian_Per_Prodi!$Y$6:$Y$86) | E23: =SUMIF(Rincian_Per_Prodi!$B$6:$B$86, B23, Rincian_Per_Prodi!$Z$6:$Z$86) | F23: =SUMIF(Rincian_Per_Prodi!$B$6:$B$86, B23, Rincian_Per_Prodi!$AA$6:$AA$86) | G23: =IF(D23>0, (F23/D23)*100, 0)
A24: 6 | B24: Teknik | C24: =COUNTIF(Rincian_Per_Prodi!$B$6:$B$86, B24) | D24: =SUMIF(Rincian_Per_Prodi!$B$6:$B$86, B24, Rincian_Per_Prodi!$Y$6:$Y$86) | E24: =SUMIF(Rincian_Per_Prodi!$B$6:$B$86, B24, Rincian_Per_Prodi!$Z$6:$Z$86) | F24: =SUMIF(Rincian_Per_Prodi!$B$6:$B$86, B24, Rincian_Per_Prodi!$AA$6:$AA$86) | G24: =IF(D24>0, (F24/D24)*100, 0)
A25: 7 | B25: MIPA | C25: =COUNTIF(Rincian_Per_Prodi!$B$6:$B$86, B25) | D25: =SUMIF(Rincian_Per_Prodi!$B$6:$B$86, B25, Rincian_Per_Prodi!$Y$6:$Y$86) | E25: =SUMIF(Rincian_Per_Prodi!$B$6:$B$86, B25, Rincian_Per_Prodi!$Z$6:$Z$86) | F25: =SUMIF(Rincian_Per_Prodi!$B$6:$B$86, B25, Rincian_Per_Prodi!$AA$6:$AA$86) | G25: =IF(D25>0, (F25/D25)*100, 0)
A26: 8 | B26: Ekonomi dan Bisnis | C26: =COUNTIF(Rincian_Per_Prodi!$B$6:$B$86, B26) | D26: =SUMIF(Rincian_Per_Prodi!$B$6:$B$86, B26, Rincian_Per_Prodi!$Y$6:$Y$86) | E26: =SUMIF(Rincian_Per_Prodi!$B$6:$B$86, B26, Rincian_Per_Prodi!$Z$6:$Z$86) | F26: =SUMIF(Rincian_Per_Prodi!$B$6:$B$86, B26, Rincian_Per_Prodi!$AA$6:$AA$86) | G26: =IF(D26>0, (F26/D26)*100, 0)
A27: 9 | B27: FISIP | C27: =COUNTIF(Rincian_Per_Prodi!$B$6:$B$86, B27) | D27: =SUMIF(Rincian_Per_Prodi!$B$6:$B$86, B27, Rincian_Per_Prodi!$Y$6:$Y$86) | E27: =SUMIF(Rincian_Per_Prodi!$B$6:$B$86, B27, Rincian_Per_Prodi!$Z$6:$Z$86) | F27: =SUMIF(Rincian_Per_Prodi!$B$6:$B$86, B27, Rincian_Per_Prodi!$AA$6:$AA$86) | G27: =IF(D27>0, (F27/D27)*100, 0)
A28: 10 | B28: FKIP | C28: =COUNTIF(Rincian_Per_Prodi!$B$6:$B$86, B28) | D28: =SUMIF(Rincian_Per_Prodi!$B$6:$B$86, B28, Rincian_Per_Prodi!$Y$6:$Y$86) | E28: =SUMIF(Rincian_Per_Prodi!$B$6:$B$86, B28, Rincian_Per_Prodi!$Z$6:$Z$86) | F28: =SUMIF(Rincian_Per_Prodi!$B$6:$B$86, B28, Rincian_Per_Prodi!$AA$6:$AA$86) | G28: =IF(D28>0, (F28/D28)*100, 0)
A29: 11 | B29: Kedokteran | C29: =COUNTIF(Rincian_Per_Prodi!$B$6:$B$86, B29) | D29: =SUMIF(Rincian_Per_Prodi!$B$6:$B$86, B29, Rincian_Per_Prodi!$Y$6:$Y$86) | E29: =SUMIF(Rincian_Per_Prodi!$B$6:$B$86, B29, Rincian_Per_Prodi!$Z$6:$Z$86) | F29: =SUMIF(Rincian_Per_Prodi!$B$6:$B$86, B29, Rincian_Per_Prodi!$AA$6:$AA$86) | G29: =IF(D29>0, (F29/D29)*100, 0)
A30: 12 | B30: Kedokteran Gigi | C30: =COUNTIF(Rincian_Per_Prodi!$B$6:$B$86, B30) | D30: =SUMIF(Rincian_Per_Prodi!$B$6:$B$86, B30, Rincian_Per_Prodi!$Y$6:$Y$86) | E30: =SUMIF(Rincian_Per_Prodi!$B$6:$B$86, B30, Rincian_Per_Prodi!$Z$6:$Z$86) | F30: =SUMIF(Rincian_Per_Prodi!$B$6:$B$86, B30, Rincian_Per_Prodi!$AA$6:$AA$86) | G30: =IF(D30>0, (F30/D30)*100, 0)
A31: 13 | B31: Hukum | C31: =COUNTIF(Rincian_Per_Prodi!$B$6:$B$86, B31) | D31: =SUMIF(Rincian_Per_Prodi!$B$6:$B$86, B31, Rincian_Per_Prodi!$Y$6:$Y$86) | E31: =SUMIF(Rincian_Per_Prodi!$B$6:$B$86, B31, Rincian_Per_Prodi!$Z$6:$Z$86) | F31: =SUMIF(Rincian_Per_Prodi!$B$6:$B$86, B31, Rincian_Per_Prodi!$AA$6:$AA$86) | G31: =IF(D31>0, (F31/D31)*100, 0)
A33: ⚠️ Top 10 Program Studi Kebocoran Tertinggi (% Gugur) | G33: 🏆 Top 10 Program Studi Paling Loyal / Setia (Terendah Gugur)
A34: No | B34: Program Studi | C34: Fakultas | D34: Total Gugur | E34: % Gugur | G34: No | H34: Program Studi | I34: Fakultas | J34: Total Gugur | K34: % Gugur
A35: 1 | B35: MANAJEMEN AGRIBISNIS | C35: Pertanian | D35: =Rincian_Per_Prodi!AA71 | E35: =Rincian_Per_Prodi!AB71 | G35: 1 | H35: TEKNIK SUMBER DAYA AIR | I35: Teknik | J35: =Rincian_Per_Prodi!AA83 | K35: =Rincian_Per_Prodi!AB83
A36: 2 | B36: KEHUTANAN (PDD GAYO LUES) | C36: PSDKU Gayo Lues | D36: =Rincian_Per_Prodi!AA41 | E36: =Rincian_Per_Prodi!AB41 | G36: 2 | H36: BISNIS DIGITAL | I36: Ekonomi dan Bisnis | J36: =Rincian_Per_Prodi!AA84 | K36: =Rincian_Per_Prodi!AB84
A37: 3 | B37: BUDIDAYA PETERNAKAN | C37: Pertanian | D37: =Rincian_Per_Prodi!AA73 | E37: =Rincian_Per_Prodi!AB73 | G37: 3 | H37: TEKNIK LINGKUNGAN | I37: Teknik | J37: =Rincian_Per_Prodi!AA82 | K37: =Rincian_Per_Prodi!AB82
A38: 4 | B38: KEUANGAN DAN PERBANKAN | C38: Ekonomi dan Bisnis | D38: =Rincian_Per_Prodi!AA79 | E38: =Rincian_Per_Prodi!AB79 | G38: 4 | H38: TEKNIK PERMINYAKAN | I38: Teknik | J38: =Rincian_Per_Prodi!AA85 | K38: =Rincian_Per_Prodi!AB85
A39: 5 | B39: MANAJEMEN PERUSAHAAN | C39: Ekonomi dan Bisnis | D39: =Rincian_Per_Prodi!AA77 | E39: =Rincian_Per_Prodi!AB77 | G39: 5 | H39: ILMU HUKUM | I39: Hukum | J39: =Rincian_Per_Prodi!AA49 | K39: =Rincian_Per_Prodi!AB49
A40: 6 | B40: TEKNIK SIPIL | C40: Teknik | D40: =Rincian_Per_Prodi!AA75 | E40: =Rincian_Per_Prodi!AB75 | G40: 6 | H40: AKUNTANSI | I40: Ekonomi dan Bisnis | J40: =Rincian_Per_Prodi!AA48 | K40: =Rincian_Per_Prodi!AB48
A41: 7 | B41: KESEHATAN HEWAN | C41: Kedokteran Hewan | D41: =Rincian_Per_Prodi!AA70 | E41: =Rincian_Per_Prodi!AB70 | G41: 7 | H41: PENDIDIKAN DOKTER | I41: Kedokteran | J41: =Rincian_Per_Prodi!AA21 | K41: =Rincian_Per_Prodi!AB21
A42: 8 | B42: TEKNIK LISTRIK | C42: Teknik | D42: =Rincian_Per_Prodi!AA72 | E42: =Rincian_Per_Prodi!AB72 | G42: 8 | H42: STATISTIKA | I42: MIPA | J42: =Rincian_Per_Prodi!AA35 | K42: =Rincian_Per_Prodi!AB35
A43: 9 | B43: AGROTEKNOLOGI (PDD GAYO LUES) | C43: PSDKU Gayo Lues | D43: =Rincian_Per_Prodi!AA39 | E43: =Rincian_Per_Prodi!AB39 | G43: 9 | H43: TEKNIK GEOFISIKA | I43: Teknik | J43: =Rincian_Per_Prodi!AA33 | K43: =Rincian_Per_Prodi!AB33
A44: 10 | B44: TEKNIK MESIN | C44: Teknik | D44: =Rincian_Per_Prodi!AA74 | E44: =Rincian_Per_Prodi!AB74 | G44: 10 | H44: TEKNIK GEOLOGI | I44: Teknik | J44: =Rincian_Per_Prodi!AA38 | K44: =Rincian_Per_Prodi!AB38

Sheet Rincian_Per_Prodi
A1: UNIVERSITAS SYIAH KUALA — REKAPITULASI LENGKAP SELISIH LULUS VS DAFTAR ULANG PER PROGRAM STUDI (2022–2026)
A2: Rincian Data Longitudinal 81 Program Studi Jenjang S1, D3, dan PSDKU Gayo Lues | Selisih Gugur = Lulus - DU
A4: IDENTITAS PROGRAM STUDI | E4: TAHUN AKADEMIK 2026 | I4: TAHUN AKADEMIK 2025 | M4: TAHUN AKADEMIK 2024 | Q4: TAHUN AKADEMIK 2023 | U4: TAHUN AKADEMIK 2022 | Y4: TOTAL 5 TAHUN (2022–2026)
A5: No | B5: Fakultas | C5: Nama Program Studi | D5: Jenjang | E5: Lulus | F5: Daftar Ulang | G5: Gugur | H5: % Gugur | I5: Lulus | J5: Daftar Ulang | K5: Gugur | L5: % Gugur | M5: Lulus | N5: Daftar Ulang | O5: Gugur | P5: % Gugur | Q5: Lulus | R5: Daftar Ulang | S5: Gugur | T5: % Gugur | U5: Lulus | V5: Daftar Ulang | W5: Gugur | X5: % Gugur | Y5: Total Lulus | Z5: Total DU | AA5: Total Gugur | AB5: Rata % Gugur
A6: 1 | B6: Kedokteran Hewan | C6: PENDIDIKAN DOKTER HEWAN | D6: S1 | E6: 264 | F6: 224 | G6: =MAX(0, E6-F6) | H6: =IF(E6>0, (G6/E6)*100, 0) | I6: 276 | J6: 227 | K6: =MAX(0, I6-J6) | L6: =IF(I6>0, (K6/I6)*100, 0) | M6: 252 | N6: 219 | O6: =MAX(0, M6-N6) | P6: =IF(M6>0, (O6/M6)*100, 0) | Q6: 209 | R6: 174 | S6: =MAX(0, Q6-R6) | T6: =IF(Q6>0, (S6/Q6)*100, 0) | U6: 245 | V6: 193 | W6: =MAX(0, U6-V6) | X6: =IF(U6>0, (W6/U6)*100, 0) | Y6: =E6+I6+M6+Q6+U6 | Z6: =F6+J6+N6+R6+V6 | AA6: =G6+K6+O6+S6+W6 | AB6: =IF(Y6>0, (AA6/Y6)*100, 0)
A7: 2 | B7: Teknik | C7: TEKNIK SIPIL | D7: S1 | E7: 282 | F7: 252 | G7: =MAX(0, E7-F7) | H7: =IF(E7>0, (G7/E7)*100, 0) | I7: 263 | J7: 232 | K7: =MAX(0, I7-J7) | L7: =IF(I7>0, (K7/I7)*100, 0) | M7: 264 | N7: 223 | O7: =MAX(0, M7-N7) | P7: =IF(M7>0, (O7/M7)*100, 0) | Q7: 212 | R7: 169 | S7: =MAX(0, Q7-R7) | T7: =IF(Q7>0, (S7/Q7)*100, 0) | U7: 188 | V7: 154 | W7: =MAX(0, U7-V7) | X7: =IF(U7>0, (W7/U7)*100, 0) | Y7: =E7+I7+M7+Q7+U7 | Z7: =F7+J7+N7+R7+V7 | AA7: =G7+K7+O7+S7+W7 | AB7: =IF(Y7>0, (AA7/Y7)*100, 0)
A8: 3 | B8: Teknik | C8: TEKNIK MESIN | D8: S1 | E8: 124 | F8: 98 | G8: =MAX(0, E8-F8) | H8: =IF(E8>0, (G8/E8)*100, 0) | I8: 120 | J8: 101 | K8: =MAX(0, I8-J8) | L8: =IF(I8>0, (K8/I8)*100, 0) | M8: 122 | N8: 101 | O8: =MAX(0, M8-N8) | P8: =IF(M8>0, (O8/M8)*100, 0) | Q8: 106 | R8: 87 | S8: =MAX(0, Q8-R8) | T8: =IF(Q8>0, (S8/Q8)*100, 0) | U8: 124 | V8: 96 | W8: =MAX(0, U8-V8) | X8: =IF(U8>0, (W8/U8)*100, 0) | Y8: =E8+I8+M8+Q8+U8 | Z8: =F8+J8+N8+R8+V8 | AA8: =G8+K8+O8+S8+W8 | AB8: =IF(Y8>0, (AA8/Y8)*100, 0)
A9: 4 | B9: Teknik | C9: TEKNIK KIMIA | D9: S1 | E9: 143 | F9: 120 | G9: =MAX(0, E9-F9) | H9: =IF(E9>0, (G9/E9)*100, 0) | I9: 143 | J9: 116 | K9: =MAX(0, I9-J9) | L9: =IF(I9>0, (K9/I9)*100, 0) | M9: 119 | N9: 100 | O9: =MAX(0, M9-N9) | P9: =IF(M9>0, (O9/M9)*100, 0) | Q9: 108 | R9: 85 | S9: =MAX(0, Q9-R9) | T9: =IF(Q9>0, (S9/Q9)*100, 0) | U9: 113 | V9: 96 | W9: =MAX(0, U9-V9) | X9: =IF(U9>0, (W9/U9)*100, 0) | Y9: =E9+I9+M9+Q9+U9 | Z9: =F9+J9+N9+R9+V9 | AA9: =G9+K9+O9+S9+W9 | AB9: =IF(Y9>0, (AA9/Y9)*100, 0)
A10: 5 | B10: Teknik | C10: ARSITEKTUR | D10: S1 | E10: 149 | F10: 131 | G10: =MAX(0, E10-F10) | H10: =IF(E10>0, (G10/E10)*100, 0) | I10: 136 | J10: 120 | K10: =MAX(0, I10-J10) | L10: =IF(I10>0, (K10/I10)*100, 0) | M10: 146 | N10: 122 | O10: =MAX(0, M10-N10) | P10: =IF(M10>0, (O10/M10)*100, 0) | Q10: 139 | R10: 116 | S10: =MAX(0, Q10-R10) | T10: =IF(Q10>0, (S10/Q10)*100, 0) | U10: 134 | V10: 116 | W10: =MAX(0, U10-V10) | X10: =IF(U10>0, (W10/U10)*100, 0) | Y10: =E10+I10+M10+Q10+U10 | Z10: =F10+J10+N10+R10+V10 | AA10: =G10+K10+O10+S10+W10 | AB10: =IF(Y10>0, (AA10/Y10)*100, 0)
A11: 6 | B11: Teknik | C11: TEKNIK ELEKTRO | D11: S1 | E11: 137 | F11: 112 | G11: =MAX(0, E11-F11) | H11: =IF(E11>0, (G11/E11)*100, 0) | I11: 133 | J11: 113 | K11: =MAX(0, I11-J11) | L11: =IF(I11>0, (K11/I11)*100, 0) | M11: 134 | N11: 113 | O11: =MAX(0, M11-N11) | P11: =IF(M11>0, (O11/M11)*100, 0) | Q11: 93 | R11: 79 | S11: =MAX(0, Q11-R11) | T11: =IF(Q11>0, (S11/Q11)*100, 0) | U11: 118 | V11: 87 | W11: =MAX(0, U11-V11) | X11: =IF(U11>0, (W11/U11)*100, 0) | Y11: =E11+I11+M11+Q11+U11 | Z11: =F11+J11+N11+R11+V11 | AA11: =G11+K11+O11+S11+W11 | AB11: =IF(Y11>0, (AA11/Y11)*100, 0)
A12: 7 | B12: Pertanian | C12: AGROTEKNOLOGI | D12: S1 | E12: 116 | F12: 94 | G12: =MAX(0, E12-F12) | H12: =IF(E12>0, (G12/E12)*100, 0) | I12: 109 | J12: 88 | K12: =MAX(0, I12-J12) | L12: =IF(I12>0, (K12/I12)*100, 0) | M12: 96 | N12: 75 | O12: =MAX(0, M12-N12) | P12: =IF(M12>0, (O12/M12)*100, 0) | Q12: 105 | R12: 78 | S12: =MAX(0, Q12-R12) | T12: =IF(Q12>0, (S12/Q12)*100, 0) | U12: 113 | V12: 93 | W12: =MAX(0, U12-V12) | X12: =IF(U12>0, (W12/U12)*100, 0) | Y12: =E12+I12+M12+Q12+U12 | Z12: =F12+J12+N12+R12+V12 | AA12: =G12+K12+O12+S12+W12 | AB12: =IF(Y12>0, (AA12/Y12)*100, 0)
A13: 8 | B13: Pertanian | C13: AGRIBISNIS | D13: S1 | E13: 165 | F13: 135 | G13: =MAX(0, E13-F13) | H13: =IF(E13>0, (G13/E13)*100, 0) | I13: 145 | J13: 126 | K13: =MAX(0, I13-J13) | L13: =IF(I13>0, (K13/I13)*100, 0) | M13: 155 | N13: 126 | O13: =MAX(0, M13-N13) | P13: =IF(M13>0, (O13/M13)*100, 0) | Q13: 103 | R13: 81 | S13: =MAX(0, Q13-R13) | T13: =IF(Q13>0, (S13/Q13)*100, 0) | U13: 121 | V13: 98 | W13: =MAX(0, U13-V13) | X13: =IF(U13>0, (W13/U13)*100, 0) | Y13: =E13+I13+M13+Q13+U13 | Z13: =F13+J13+N13+R13+V13 | AA13: =G13+K13+O13+S13+W13 | AB13: =IF(Y13>0, (AA13/Y13)*100, 0)
A14: 9 | B14: Pertanian | C14: PETERNAKAN | D14: S1 | E14: 115 | F14: 98 | G14: =MAX(0, E14-F14) | H14: =IF(E14>0, (G14/E14)*100, 0) | I14: 109 | J14: 88 | K14: =MAX(0, I14-J14) | L14: =IF(I14>0, (K14/I14)*100, 0) | M14: 103 | N14: 82 | O14: =MAX(0, M14-N14) | P14: =IF(M14>0, (O14/M14)*100, 0) | Q14: 101 | R14: 76 | S14: =MAX(0, Q14-R14) | T14: =IF(Q14>0, (S14/Q14)*100, 0) | U14: 116 | V14: 81 | W14: =MAX(0, U14-V14) | X14: =IF(U14>0, (W14/U14)*100, 0) | Y14: =E14+I14+M14+Q14+U14 | Z14: =F14+J14+N14+R14+V14 | AA14: =G14+K14+O14+S14+W14 | AB14: =IF(Y14>0, (AA14/Y14)*100, 0)
A15: 10 | B15: Pertanian | C15: TEKNOLOGI HASIL PERTANIAN | D15: S1 | E15: 123 | F15: 102 | G15: =MAX(0, E15-F15) | H15: =IF(E15>0, (G15/E15)*100, 0) | I15: 115 | J15: 102 | K15: =MAX(0, I15-J15) | L15: =IF(I15>0, (K15/I15)*100, 0) | M15: 116 | N15: 91 | O15: =MAX(0, M15-N15) | P15: =IF(M15>0, (O15/M15)*100, 0) | Q15: 72 | R15: 60 | S15: =MAX(0, Q15-R15) | T15: =IF(Q15>0, (S15/Q15)*100, 0) | U15: 72 | V15: 52 | W15: =MAX(0, U15-V15) | X15: =IF(U15>0, (W15/U15)*100, 0) | Y15: =E15+I15+M15+Q15+U15 | Z15: =F15+J15+N15+R15+V15 | AA15: =G15+K15+O15+S15+W15 | AB15: =IF(Y15>0, (AA15/Y15)*100, 0)
A16: 11 | B16: Pertanian | C16: TEKNIK PERTANIAN | D16: S1 | E16: 123 | F16: 101 | G16: =MAX(0, E16-F16) | H16: =IF(E16>0, (G16/E16)*100, 0) | I16: 137 | J16: 118 | K16: =MAX(0, I16-J16) | L16: =IF(I16>0, (K16/I16)*100, 0) | M16: 131 | N16: 99 | O16: =MAX(0, M16-N16) | P16: =IF(M16>0, (O16/M16)*100, 0) | Q16: 113 | R16: 85 | S16: =MAX(0, Q16-R16) | T16: =IF(Q16>0, (S16/Q16)*100, 0) | U16: 126 | V16: 93 | W16: =MAX(0, U16-V16) | X16: =IF(U16>0, (W16/U16)*100, 0) | Y16: =E16+I16+M16+Q16+U16 | Z16: =F16+J16+N16+R16+V16 | AA16: =G16+K16+O16+S16+W16 | AB16: =IF(Y16>0, (AA16/Y16)*100, 0)
A17: 12 | B17: FKIP | C17: PENDIDIKAN BIOLOGI | D17: S1 | E17: 110 | F17: 86 | G17: =MAX(0, E17-F17) | H17: =IF(E17>0, (G17/E17)*100, 0) | I17: 101 | J17: 82 | K17: =MAX(0, I17-J17) | L17: =IF(I17>0, (K17/I17)*100, 0) | M17: 136 | N17: 115 | O17: =MAX(0, M17-N17) | P17: =IF(M17>0, (O17/M17)*100, 0) | Q17: 112 | R17: 82 | S17: =MAX(0, Q17-R17) | T17: =IF(Q17>0, (S17/Q17)*100, 0) | U17: 118 | V17: 84 | W17: =MAX(0, U17-V17) | X17: =IF(U17>0, (W17/U17)*100, 0) | Y17: =E17+I17+M17+Q17+U17 | Z17: =F17+J17+N17+R17+V17 | AA17: =G17+K17+O17+S17+W17 | AB17: =IF(Y17>0, (AA17/Y17)*100, 0)
... A86: 81 | B86: FISIP | C86: HUBUNGAN INTERNASIONAL | D86: S1 | E86: 87 | F86: 73 | G86: =MAX(0, E86-F86) | H86: =IF(E86>0, (G86/E86)*100, 0) | I86: 0 | J86: 0 | K86: =MAX(0, I86-J86) | L86: =IF(I86>0, (K86/I86)*100, 0) | M86: 0 | N86: 0 | O86: =MAX(0, M86-N86) | P86: =IF(M86>0, (O86/M86)*100, 0) | Q86: 0 | R86: 0 | S86: =MAX(0, Q86-R86) | T86: =IF(Q86>0, (S86/Q86)*100, 0) | U86: 0 | V86: 0 | W86: =MAX(0, U86-V86) | X86: =IF(U86>0, (W86/U86)*100, 0) | Y86: =E86+I86+M86+Q86+U86 | Z86: =F86+J86+N86+R86+V86 | AA86: =G86+K86+O86+S86+W86 | AB86: =IF(Y86>0, (AA86/Y86)*100, 0)
A87: TOTAL UNIVERSITAS SYIAH KUALA | E87: =SUM(E6:E86) | F87: =SUM(F6:F86) | G87: =SUM(G6:G86) | H87: =IF(E87>0, (G87/E87)*100, 0) | I87: =SUM(I6:I86) | J87: =SUM(J6:J86) | K87: =SUM(K6:K86) | L87: =IF(I87>0, (K87/I87)*100, 0) | M87: =SUM(M6:M86) | N87: =SUM(N6:N86) | O87: =SUM(O6:O86) | P87: =IF(M87>0, (O87/M87)*100, 0) | Q87: =SUM(Q6:Q86) | R87: =SUM(R6:R86) | S87: =SUM(S6:S86) | T87: =IF(Q87>0, (S87/Q87)*100, 0) | U87: =SUM(U6:U86) | V87: =SUM(V6:V86) | W87: =SUM(W6:W86) | X87: =IF(U87>0, (W87/U87)*100, 0) | Y87: =SUM(Y6:Y86) | Z87: =SUM(Z6:Z86) | AA87: =SUM(AA6:AA86) | AB87: =IF(Y87>0, (AA87/Y87)*100, 0)
