Workbook

Sheet Ringkasan_Eksekutif
A1: UNIVERSITAS SYIAH KUALA - DASHBOARD EKSEKUTIF DAYA TAMPUNG, PEMINAT & SISA KUOTA
A3: Monitoring Kapasitas Kuota, Daya Serap Mahasiswa Masuk & Beban Sisa Bangku Kosong (2022–2026)
A5: TOTAL DAYA TAMPUNG (5-THN) | D5: TOTAL PEMINAT (DEMAND) | G5: TOTAL MAHASISWA MASUK (DU) | J5: TOTAL SISA KUOTA (KOSONG)
A6: =Rincian_Semua_Tahun!Z87 | D6: =Rincian_Semua_Tahun!AA87 | G6: =Rincian_Semua_Tahun!AB87 | J6: =Rincian_Semua_Tahun!AC87
A7: Kapasitas Resmi Dibuka (Kursi) | D7: Rata Keketatan: 6,22 : 1 | G7: =CONCATENATE("Fill Rate: ", TEXT(Rincian_Semua_Tahun!AD87,"0.0"), "%") | J7: 23,2% Kuota Tidak Terisi
A10: TABEL 1: TREN TAHUNAN DAYA TAMPUNG, PEMINAT & SISA KUOTA (2022–2026)
A11: Tahun Akademik | B11: Total Daya Tampung | C11: Total Peminat | D11: Daftar Ulang (DU) | E11: Sisa Kuota | F11: Fill Rate (%) | G11: Keketatan (x) | H11: Status Evaluasi
A12: 2022 | B12: =Rincian_Semua_Tahun!V87 | C12: =Rincian_Semua_Tahun!W87 | D12: =Rincian_Semua_Tahun!X87 | E12: =Rincian_Semua_Tahun!Y87 | F12: =IF(B12>0, (D12/B12)*100, 0) | G12: =IF(B12>0, C12/B12, 0) | H12: Batas Ideal
A13: 2023 | B13: =Rincian_Semua_Tahun!R87 | C13: =Rincian_Semua_Tahun!S87 | D13: =Rincian_Semua_Tahun!T87 | E13: =Rincian_Semua_Tahun!U87 | F13: =IF(B13>0, (D13/B13)*100, 0) | G13: =IF(B13>0, C13/B13, 0) | H13: Penurunan Keterisian
A14: 2024 | B14: =Rincian_Semua_Tahun!N87 | C14: =Rincian_Semua_Tahun!O87 | D14: =Rincian_Semua_Tahun!P87 | E14: =Rincian_Semua_Tahun!Q87 | F14: =IF(B14>0, (D14/B14)*100, 0) | G14: =IF(B14>0, C14/B14, 0) | H14: Ekspansi Kuota PTN-BH
A15: 2025 | B15: =Rincian_Semua_Tahun!J87 | C15: =Rincian_Semua_Tahun!K87 | D15: =Rincian_Semua_Tahun!L87 | E15: =Rincian_Semua_Tahun!M87 | F15: =IF(B15>0, (D15/B15)*100, 0) | G15: =IF(B15>0, C15/B15, 0) | H15: Puncak Peminat 70K
A16: 2026 | B16: =Rincian_Semua_Tahun!F87 | C16: =Rincian_Semua_Tahun!G87 | D16: =Rincian_Semua_Tahun!H87 | E16: =Rincian_Semua_Tahun!I87 | F16: =IF(B16>0, (D16/B16)*100, 0) | G16: =IF(B16>0, C16/B16, 0) | H16: Realisasi Tertinggi DU 8.3K
A17: TOTAL 5 TAHUN | B17: =SUM(B12:B16) | C17: =SUM(C12:C16) | D17: =SUM(D12:D16) | E17: =SUM(E12:E16) | F17: =IF(B17>0, (D17/B17)*100, 0) | G17: =IF(B17>0, C17/B17, 0) | H17: 76,8% Keterisian Kumulatif
A19: TABEL 2: REKAPITULASI KAPASITAS & SISA KUOTA PER FAKULTAS (2022–2026)
A20: Fakultas / Unit | B20: Jumlah Prodi | C20: Total Daya Tampung | D20: Total Peminat | E20: Total Daftar Ulang | F20: Total Sisa Kuota | G20: Fill Rate (%) | H20: Keketatan (x) | I20: Evaluasi Portofolio
A21: Kedokteran Gigi | B21: =COUNTIF(Rincian_Semua_Tahun!$E$6:$E$86, "Kedokteran Gigi") | C21: =SUMIF(Rincian_Semua_Tahun!$E$6:$E$86, "Kedokteran Gigi", Rincian_Semua_Tahun!$Z$6:$Z$86) | D21: =SUMIF(Rincian_Semua_Tahun!$E$6:$E$86, "Kedokteran Gigi", Rincian_Semua_Tahun!$AA$6:$AA$86) | E21: =SUMIF(Rincian_Semua_Tahun!$E$6:$E$86, "Kedokteran Gigi", Rincian_Semua_Tahun!$AB$6:$AB$86) | F21: =SUMIF(Rincian_Semua_Tahun!$E$6:$E$86, "Kedokteran Gigi", Rincian_Semua_Tahun!$AC$6:$AC$86) | G21: =IF(C21>0, (E21/C21)*100, 0) | H21: =IF(C21>0, D21/C21, 0) | I21: Prima (Zero Deficit)
A22: Hukum | B22: =COUNTIF(Rincian_Semua_Tahun!$E$6:$E$86, "Hukum") | C22: =SUMIF(Rincian_Semua_Tahun!$E$6:$E$86, "Hukum", Rincian_Semua_Tahun!$Z$6:$Z$86) | D22: =SUMIF(Rincian_Semua_Tahun!$E$6:$E$86, "Hukum", Rincian_Semua_Tahun!$AA$6:$AA$86) | E22: =SUMIF(Rincian_Semua_Tahun!$E$6:$E$86, "Hukum", Rincian_Semua_Tahun!$AB$6:$AB$86) | F22: =SUMIF(Rincian_Semua_Tahun!$E$6:$E$86, "Hukum", Rincian_Semua_Tahun!$AC$6:$AC$86) | G22: =IF(C22>0, (E22/C22)*100, 0) | H22: =IF(C22>0, D22/C22, 0) | I22: Prima (Sangat Stabil)
A23: Kedokteran | B23: =COUNTIF(Rincian_Semua_Tahun!$E$6:$E$86, "Kedokteran") | C23: =SUMIF(Rincian_Semua_Tahun!$E$6:$E$86, "Kedokteran", Rincian_Semua_Tahun!$Z$6:$Z$86) | D23: =SUMIF(Rincian_Semua_Tahun!$E$6:$E$86, "Kedokteran", Rincian_Semua_Tahun!$AA$6:$AA$86) | E23: =SUMIF(Rincian_Semua_Tahun!$E$6:$E$86, "Kedokteran", Rincian_Semua_Tahun!$AB$6:$AB$86) | F23: =SUMIF(Rincian_Semua_Tahun!$E$6:$E$86, "Kedokteran", Rincian_Semua_Tahun!$AC$6:$AC$86) | G23: =IF(C23>0, (E23/C23)*100, 0) | H23: =IF(C23>0, D23/C23, 0) | I23: Prima (Favorit Tinggi)
A24: Kedokteran Hewan | B24: =COUNTIF(Rincian_Semua_Tahun!$E$6:$E$86, "Kedokteran Hewan") | C24: =SUMIF(Rincian_Semua_Tahun!$E$6:$E$86, "Kedokteran Hewan", Rincian_Semua_Tahun!$Z$6:$Z$86) | D24: =SUMIF(Rincian_Semua_Tahun!$E$6:$E$86, "Kedokteran Hewan", Rincian_Semua_Tahun!$AA$6:$AA$86) | E24: =SUMIF(Rincian_Semua_Tahun!$E$6:$E$86, "Kedokteran Hewan", Rincian_Semua_Tahun!$AB$6:$AB$86) | F24: =SUMIF(Rincian_Semua_Tahun!$E$6:$E$86, "Kedokteran Hewan", Rincian_Semua_Tahun!$AC$6:$AC$86) | G24: =IF(C24>0, (E24/C24)*100, 0) | H24: =IF(C24>0, D24/C24, 0) | I24: Ideal Konsisten
A25: Ekonomi dan Bisnis | B25: =COUNTIF(Rincian_Semua_Tahun!$E$6:$E$86, "Ekonomi dan Bisnis") | C25: =SUMIF(Rincian_Semua_Tahun!$E$6:$E$86, "Ekonomi dan Bisnis", Rincian_Semua_Tahun!$Z$6:$Z$86) | D25: =SUMIF(Rincian_Semua_Tahun!$E$6:$E$86, "Ekonomi dan Bisnis", Rincian_Semua_Tahun!$AA$6:$AA$86) | E25: =SUMIF(Rincian_Semua_Tahun!$E$6:$E$86, "Ekonomi dan Bisnis", Rincian_Semua_Tahun!$AB$6:$AB$86) | F25: =SUMIF(Rincian_Semua_Tahun!$E$6:$E$86, "Ekonomi dan Bisnis", Rincian_Semua_Tahun!$AC$6:$AC$86) | G25: =IF(C25>0, (E25/C25)*100, 0) | H25: =IF(C25>0, D25/C25, 0) | I25: Ideal Bertumbuh
A26: FISIP | B26: =COUNTIF(Rincian_Semua_Tahun!$E$6:$E$86, "FISIP") | C26: =SUMIF(Rincian_Semua_Tahun!$E$6:$E$86, "FISIP", Rincian_Semua_Tahun!$Z$6:$Z$86) | D26: =SUMIF(Rincian_Semua_Tahun!$E$6:$E$86, "FISIP", Rincian_Semua_Tahun!$AA$6:$AA$86) | E26: =SUMIF(Rincian_Semua_Tahun!$E$6:$E$86, "FISIP", Rincian_Semua_Tahun!$AB$6:$AB$86) | F26: =SUMIF(Rincian_Semua_Tahun!$E$6:$E$86, "FISIP", Rincian_Semua_Tahun!$AC$6:$AC$86) | G26: =IF(C26>0, (E26/C26)*100, 0) | H26: =IF(C26>0, D26/C26, 0) | I26: Ideal Stabil
A27: Keperawatan | B27: =COUNTIF(Rincian_Semua_Tahun!$E$6:$E$86, "Keperawatan") | C27: =SUMIF(Rincian_Semua_Tahun!$E$6:$E$86, "Keperawatan", Rincian_Semua_Tahun!$Z$6:$Z$86) | D27: =SUMIF(Rincian_Semua_Tahun!$E$6:$E$86, "Keperawatan", Rincian_Semua_Tahun!$AA$6:$AA$86) | E27: =SUMIF(Rincian_Semua_Tahun!$E$6:$E$86, "Keperawatan", Rincian_Semua_Tahun!$AB$6:$AB$86) | F27: =SUMIF(Rincian_Semua_Tahun!$E$6:$E$86, "Keperawatan", Rincian_Semua_Tahun!$AC$6:$AC$86) | G27: =IF(C27>0, (E27/C27)*100, 0) | H27: =IF(C27>0, D27/C27, 0) | I27: Ideal Moderat
A28: MIPA | B28: =COUNTIF(Rincian_Semua_Tahun!$E$6:$E$86, "MIPA") | C28: =SUMIF(Rincian_Semua_Tahun!$E$6:$E$86, "MIPA", Rincian_Semua_Tahun!$Z$6:$Z$86) | D28: =SUMIF(Rincian_Semua_Tahun!$E$6:$E$86, "MIPA", Rincian_Semua_Tahun!$AA$6:$AA$86) | E28: =SUMIF(Rincian_Semua_Tahun!$E$6:$E$86, "MIPA", Rincian_Semua_Tahun!$AB$6:$AB$86) | F28: =SUMIF(Rincian_Semua_Tahun!$E$6:$E$86, "MIPA", Rincian_Semua_Tahun!$AC$6:$AC$86) | G28: =IF(C28>0, (E28/C28)*100, 0) | H28: =IF(C28>0, D28/C28, 0) | I28: Rentan (<80%)
A29: Teknik | B29: =COUNTIF(Rincian_Semua_Tahun!$E$6:$E$86, "Teknik") | C29: =SUMIF(Rincian_Semua_Tahun!$E$6:$E$86, "Teknik", Rincian_Semua_Tahun!$Z$6:$Z$86) | D29: =SUMIF(Rincian_Semua_Tahun!$E$6:$E$86, "Teknik", Rincian_Semua_Tahun!$AA$6:$AA$86) | E29: =SUMIF(Rincian_Semua_Tahun!$E$6:$E$86, "Teknik", Rincian_Semua_Tahun!$AB$6:$AB$86) | F29: =SUMIF(Rincian_Semua_Tahun!$E$6:$E$86, "Teknik", Rincian_Semua_Tahun!$AC$6:$AC$86) | G29: =IF(C29>0, (E29/C29)*100, 0) | H29: =IF(C29>0, D29/C29, 0) | I29: Defisit Kuota Masif
A30: FKIP | B30: =COUNTIF(Rincian_Semua_Tahun!$E$6:$E$86, "FKIP") | C30: =SUMIF(Rincian_Semua_Tahun!$E$6:$E$86, "FKIP", Rincian_Semua_Tahun!$Z$6:$Z$86) | D30: =SUMIF(Rincian_Semua_Tahun!$E$6:$E$86, "FKIP", Rincian_Semua_Tahun!$AA$6:$AA$86) | E30: =SUMIF(Rincian_Semua_Tahun!$E$6:$E$86, "FKIP", Rincian_Semua_Tahun!$AB$6:$AB$86) | F30: =SUMIF(Rincian_Semua_Tahun!$E$6:$E$86, "FKIP", Rincian_Semua_Tahun!$AC$6:$AC$86) | G30: =IF(C30>0, (E30/C30)*100, 0) | H30: =IF(C30>0, D30/C30, 0) | I30: Episentrum Sisa Kuota
A31: Pertanian | B31: =COUNTIF(Rincian_Semua_Tahun!$E$6:$E$86, "Pertanian") | C31: =SUMIF(Rincian_Semua_Tahun!$E$6:$E$86, "Pertanian", Rincian_Semua_Tahun!$Z$6:$Z$86) | D31: =SUMIF(Rincian_Semua_Tahun!$E$6:$E$86, "Pertanian", Rincian_Semua_Tahun!$AA$6:$AA$86) | E31: =SUMIF(Rincian_Semua_Tahun!$E$6:$E$86, "Pertanian", Rincian_Semua_Tahun!$AB$6:$AB$86) | F31: =SUMIF(Rincian_Semua_Tahun!$E$6:$E$86, "Pertanian", Rincian_Semua_Tahun!$AC$6:$AC$86) | G31: =IF(C31>0, (E31/C31)*100, 0) | H31: =IF(C31>0, D31/C31, 0) | I31: Krisis Kronis
A32: Kelautan dan Perikanan | B32: =COUNTIF(Rincian_Semua_Tahun!$E$6:$E$86, "Kelautan dan Perikanan") | C32: =SUMIF(Rincian_Semua_Tahun!$E$6:$E$86, "Kelautan dan Perikanan", Rincian_Semua_Tahun!$Z$6:$Z$86) | D32: =SUMIF(Rincian_Semua_Tahun!$E$6:$E$86, "Kelautan dan Perikanan", Rincian_Semua_Tahun!$AA$6:$AA$86) | E32: =SUMIF(Rincian_Semua_Tahun!$E$6:$E$86, "Kelautan dan Perikanan", Rincian_Semua_Tahun!$AB$6:$AB$86) | F32: =SUMIF(Rincian_Semua_Tahun!$E$6:$E$86, "Kelautan dan Perikanan", Rincian_Semua_Tahun!$AC$6:$AC$86) | G32: =IF(C32>0, (E32/C32)*100, 0) | H32: =IF(C32>0, D32/C32, 0) | I32: Kritis Akut (<65%)
A33: TOTAL SELURUH FAKULTAS | B33: =SUM(B21:B32) | C33: =SUM(C21:C32) | D33: =SUM(D21:D32) | E33: =SUM(E21:E32) | F33: =SUM(F21:F32) | G33: =IF(C33>0, (E33/C33)*100, 0) | H33: =IF(C33>0, D33/C33, 0) | I33: Benchmark Kampus

Sheet Rincian_Semua_Tahun
A1: REKAPITULASI DAYA TAMPUNG, PEMINAT & SISA KUOTA UNIVERSITAS SYIAH KUALA (2022–2026)
A3: Sumber: Database Master PMB USK | Formula Sisa Kuota = Total Daya Tampung - Total Daftar Ulang
A4: IDENTITAS PROGRAM STUDI | F4: TAHUN 2026 | J4: TAHUN 2025 | N4: TAHUN 2024 | R4: TAHUN 2023 | V4: TAHUN 2022 | Z4: TOTAL AKUMULASI 5 TAHUN (2022–2026)
A5: No | B5: Kode Prodi | C5: Nama Program Studi | D5: Jenjang | E5: Fakultas | F5: Total DT | G5: Peminat | H5: Daftar Ulang | I5: Sisa Kuota | J5: Total DT | K5: Peminat | L5: Daftar Ulang | M5: Sisa Kuota | N5: Total DT | O5: Peminat | P5: Daftar Ulang | Q5: Sisa Kuota | R5: Total DT | S5: Peminat | T5: Daftar Ulang | U5: Sisa Kuota | V5: Total DT | W5: Peminat | X5: Daftar Ulang | Y5: Sisa Kuota | Z5: Total DT | AA5: Total Peminat | AB5: Total DU | AC5: Total Sisa | AD5: Fill Rate % | AE5: Keketatan
A6: 1 | B6: 0210101 | C6: PENDIDIKAN DOKTER HEWAN | D6: S1 | E6: Kedokteran Hewan | F6: 240 | G6: 897 | H6: 224 | I6: =F6-H6 | J6: 240 | K6: 1010 | L6: 227 | M6: =J6-L6 | N6: 240 | O6: 984 | P6: 219 | Q6: =N6-P6 | R6: 200 | S6: 952 | T6: 174 | U6: =R6-T6 | V6: 220 | W6: 1344 | X6: 193 | Y6: =V6-X6 | Z6: =F6+J6+N6+R6+V6 | AA6: =G6+K6+O6+S6+W6 | AB6: =H6+L6+P6+T6+X6 | AC6: =I6+M6+Q6+U6+Y6 | AD6: =IF(Z6>0, (AB6/Z6)*100, 0) | AE6: =IF(Z6>0, AA6/Z6, 0)
A7: 2 | B7: 0400101 | C7: TEKNIK SIPIL | D7: S1 | E7: Teknik | F7: 280 | G7: 1416 | H7: 252 | I7: =F7-H7 | J7: 280 | K7: 1409 | L7: 232 | M7: =J7-L7 | N7: 280 | O7: 1305 | P7: 223 | Q7: =N7-P7 | R7: 215 | S7: 1064 | T7: 169 | U7: =R7-T7 | V7: 180 | W7: 1231 | X7: 154 | Y7: =V7-X7 | Z7: =F7+J7+N7+R7+V7 | AA7: =G7+K7+O7+S7+W7 | AB7: =H7+L7+P7+T7+X7 | AC7: =I7+M7+Q7+U7+Y7 | AD7: =IF(Z7>0, (AB7/Z7)*100, 0) | AE7: =IF(Z7>0, AA7/Z7, 0)
A8: 3 | B8: 0400201 | C8: TEKNIK MESIN | D8: S1 | E8: Teknik | F8: 120 | G8: 726 | H8: 98 | I8: =F8-H8 | J8: 120 | K8: 662 | L8: 101 | M8: =J8-L8 | N8: 120 | O8: 550 | P8: 101 | Q8: =N8-P8 | R8: 120 | S8: 457 | T8: 87 | U8: =R8-T8 | V8: 140 | W8: 442 | X8: 96 | Y8: =V8-X8 | Z8: =F8+J8+N8+R8+V8 | AA8: =G8+K8+O8+S8+W8 | AB8: =H8+L8+P8+T8+X8 | AC8: =I8+M8+Q8+U8+Y8 | AD8: =IF(Z8>0, (AB8/Z8)*100, 0) | AE8: =IF(Z8>0, AA8/Z8, 0)
A9: 4 | B9: 0410301 | C9: TEKNIK KIMIA | D9: S1 | E9: Teknik | F9: 180 | G9: 438 | H9: 120 | I9: =F9-H9 | J9: 180 | K9: 474 | L9: 116 | M9: =J9-L9 | N9: 160 | O9: 398 | P9: 100 | Q9: =N9-P9 | R9: 140 | S9: 293 | T9: 85 | U9: =R9-T9 | V9: 140 | W9: 344 | X9: 96 | Y9: =V9-X9 | Z9: =F9+J9+N9+R9+V9 | AA9: =G9+K9+O9+S9+W9 | AB9: =H9+L9+P9+T9+X9 | AC9: =I9+M9+Q9+U9+Y9 | AD9: =IF(Z9>0, (AB9/Z9)*100, 0) | AE9: =IF(Z9>0, AA9/Z9, 0)
A10: 5 | B10: 0410401 | C10: ARSITEKTUR | D10: S1 | E10: Teknik | F10: 160 | G10: 503 | H10: 131 | I10: =F10-H10 | J10: 160 | K10: 610 | L10: 120 | M10: =J10-L10 | N10: 160 | O10: 641 | P10: 122 | Q10: =N10-P10 | R10: 150 | S10: 558 | T10: 116 | U10: =R10-T10 | V10: 140 | W10: 720 | X10: 116 | Y10: =V10-X10 | Z10: =F10+J10+N10+R10+V10 | AA10: =G10+K10+O10+S10+W10 | AB10: =H10+L10+P10+T10+X10 | AC10: =I10+M10+Q10+U10+Y10 | AD10: =IF(Z10>0, (AB10/Z10)*100, 0) | AE10: =IF(Z10>0, AA10/Z10, 0)
A11: 6 | B11: 0410501 | C11: TEKNIK ELEKTRO | D11: S1 | E11: Teknik | F11: 160 | G11: 709 | H11: 112 | I11: =F11-H11 | J11: 160 | K11: 709 | L11: 113 | M11: =J11-L11 | N11: 160 | O11: 490 | P11: 113 | Q11: =N11-P11 | R11: 120 | S11: 410 | T11: 79 | U11: =R11-T11 | V11: 140 | W11: 449 | X11: 87 | Y11: =V11-X11 | Z11: =F11+J11+N11+R11+V11 | AA11: =G11+K11+O11+S11+W11 | AB11: =H11+L11+P11+T11+X11 | AC11: =I11+M11+Q11+U11+Y11 | AD11: =IF(Z11>0, (AB11/Z11)*100, 0) | AE11: =IF(Z11>0, AA11/Z11, 0)
A12: 7 | B12: 0510105 | C12: AGROTEKNOLOGI | D12: S1 | E12: Pertanian | F12: 120 | G12: 617 | H12: 94 | I12: =F12-H12 | J12: 120 | K12: 549 | L12: 88 | M12: =J12-L12 | N12: 120 | O12: 412 | P12: 75 | Q12: =N12-P12 | R12: 120 | S12: 380 | T12: 78 | U12: =R12-T12 | V12: 120 | W12: 528 | X12: 93 | Y12: =V12-X12 | Z12: =F12+J12+N12+R12+V12 | AA12: =G12+K12+O12+S12+W12 | AB12: =H12+L12+P12+T12+X12 | AC12: =I12+M12+Q12+U12+Y12 | AD12: =IF(Z12>0, (AB12/Z12)*100, 0) | AE12: =IF(Z12>0, AA12/Z12, 0)
A13: 8 | B13: 0510201 | C13: AGRIBISNIS | D13: S1 | E13: Pertanian | F13: 160 | G13: 869 | H13: 135 | I13: =F13-H13 | J13: 160 | K13: 789 | L13: 126 | M13: =J13-L13 | N13: 160 | O13: 735 | P13: 126 | Q13: =N13-P13 | R13: 110 | S13: 610 | T13: 81 | U13: =R13-T13 | V13: 110 | W13: 875 | X13: 98 | Y13: =V13-X13 | Z13: =F13+J13+N13+R13+V13 | AA13: =G13+K13+O13+S13+W13 | AB13: =H13+L13+P13+T13+X13 | AC13: =I13+M13+Q13+U13+Y13 | AD13: =IF(Z13>0, (AB13/Z13)*100, 0) | AE13: =IF(Z13>0, AA13/Z13, 0)
A14: 9 | B14: 0510401 | C14: PETERNAKAN | D14: S1 | E14: Pertanian | F14: 160 | G14: 331 | H14: 98 | I14: =F14-H14 | J14: 130 | K14: 290 | L14: 88 | M14: =J14-L14 | N14: 120 | O14: 276 | P14: 82 | Q14: =N14-P14 | R14: 115 | S14: 246 | T14: 76 | U14: =R14-T14 | V14: 118 | W14: 331 | X14: 81 | Y14: =V14-X14 | Z14: =F14+J14+N14+R14+V14 | AA14: =G14+K14+O14+S14+W14 | AB14: =H14+L14+P14+T14+X14 | AC14: =I14+M14+Q14+U14+Y14 | AD14: =IF(Z14>0, (AB14/Z14)*100, 0) | AE14: =IF(Z14>0, AA14/Z14, 0)
A15: 10 | B15: 0510501 | C15: TEKNOLOGI HASIL PERTANIAN | D15: S1 | E15: Pertanian | F15: 160 | G15: 510 | H15: 102 | I15: =F15-H15 | J15: 160 | K15: 378 | L15: 102 | M15: =J15-L15 | N15: 160 | O15: 265 | P15: 91 | Q15: =N15-P15 | R15: 100 | S15: 211 | T15: 60 | U15: =R15-T15 | V15: 80 | W15: 291 | X15: 52 | Y15: =V15-X15 | Z15: =F15+J15+N15+R15+V15 | AA15: =G15+K15+O15+S15+W15 | AB15: =H15+L15+P15+T15+X15 | AC15: =I15+M15+Q15+U15+Y15 | AD15: =IF(Z15>0, (AB15/Z15)*100, 0) | AE15: =IF(Z15>0, AA15/Z15, 0)
A16: 11 | B16: 0510601 | C16: TEKNIK PERTANIAN | D16: S1 | E16: Pertanian | F16: 140 | G16: 550 | H16: 101 | I16: =F16-H16 | J16: 160 | K16: 553 | L16: 118 | M16: =J16-L16 | N16: 160 | O16: 408 | P16: 99 | Q16: =N16-P16 | R16: 140 | S16: 431 | T16: 85 | U16: =R16-T16 | V16: 140 | W16: 515 | X16: 93 | Y16: =V16-X16 | Z16: =F16+J16+N16+R16+V16 | AA16: =G16+K16+O16+S16+W16 | AB16: =H16+L16+P16+T16+X16 | AC16: =I16+M16+Q16+U16+Y16 | AD16: =IF(Z16>0, (AB16/Z16)*100, 0) | AE16: =IF(Z16>0, AA16/Z16, 0)
A17: 12 | B17: 0610301 | C17: PENDIDIKAN BIOLOGI | D17: S1 | E17: FKIP | F17: 120 | G17: 638 | H17: 86 | I17: =F17-H17 | J17: 120 | K17: 533 | L17: 82 | M17: =J17-L17 | N17: 160 | O17: 492 | P17: 115 | Q17: =N17-P17 | R17: 130 | S17: 383 | T17: 82 | U17: =R17-T17 | V17: 120 | W17: 550 | X17: 84 | Y17: =V17-X17 | Z17: =F17+J17+N17+R17+V17 | AA17: =G17+K17+O17+S17+W17 | AB17: =H17+L17+P17+T17+X17 | AC17: =I17+M17+Q17+U17+Y17 | AD17: =IF(Z17>0, (AB17/Z17)*100, 0) | AE17: =IF(Z17>0, AA17/Z17, 0)
... A86: 81 | B86: 0910101 | C86: HUBUNGAN INTERNASIONAL | D86: S1 | E86: FISIP | F86: 80 | G86: 188 | H86: 73 | I86: =F86-H86 | J86: 0 | K86: 0 | L86: 0 | M86: =J86-L86 | N86: 0 | O86: 0 | P86: 0 | Q86: =N86-P86 | R86: 0 | S86: 0 | T86: 0 | U86: =R86-T86 | V86: 0 | W86: 0 | X86: 0 | Y86: =V86-X86 | Z86: =F86+J86+N86+R86+V86 | AA86: =G86+K86+O86+S86+W86 | AB86: =H86+L86+P86+T86+X86 | AC86: =I86+M86+Q86+U86+Y86 | AD86: =IF(Z86>0, (AB86/Z86)*100, 0) | AE86: =IF(Z86>0, AA86/Z86, 0)
A87: GRAND TOTAL UNIVERSITAS | F87: =SUM(F6:F86) | G87: =SUM(G6:G86) | H87: =SUM(H6:H86) | I87: =SUM(I6:I86) | J87: =SUM(J6:J86) | K87: =SUM(K6:K86) | L87: =SUM(L6:L86) | M87: =SUM(M6:M86) | ... AC87: =SUM(AC6:AC86) | AD87: =IF(Z87>0, (AB87/Z87)*100, 0) | AE87: =IF(Z87>0, AA87/Z87, 0)

Sheet Tahun_2026
A1: No | B1: Kode Prodi | C1: Nama Prodi | D1: Jenjang | E1: 2026
A2: No | B2: Kode Prodi | C2: Nama Prodi | D2: Jenjang | E2: Total Daya Tampung | F2: Total Peminat | G2: Total Daftar Ulang | H2: Sisa Kuota
A3: 63 | B3: 0115001 | C3: MANAJEMEN (PDD GAYO LUES) | D3: S1 | E3: 80 | F3: 29 | G3: 13 | H3: =E3-G3
A4: 36 | B4: 0515002 | C4: KEHUTANAN (PDD GAYO LUES) | D4: S1 | E4: 60 | F4: 28 | G4: 9 | H4: =E4-G4
A5: 34 | B5: 0515001 | C5: AGROTEKNOLOGI (PDD GAYO LUES) | D5: S1 | E5: 40 | F5: 21 | G5: 6 | H5: =E5-G5
A6: 35 | B6: 0615001 | C6: PENDIDIKAN BIOLOGI (PDD GAYO LUES) | D6: S1 | E6: 40 | F6: 24 | G6: 13 | H6: =E6-G6
A7: 24 | B7: 1110201 | C7: BUDIDAYA PERAIRAN | D7: S1 | E7: 160 | F7: 145 | G7: 90 | H7: =E7-G7
A8: 31 | B8: 1110301 | C8: PEMANFAATAN SUMBERDAYA PERIKANAN | D8: S1 | E8: 120 | F8: 129 | G8: 67 | H8: =E8-G8
A9: 20 | B9: 0810201 | C9: FISIKA | D9: S1 | E9: 80 | F9: 94 | G9: 42 | H9: =E9-G9
A10: 14 | B10: 0610303 | C10: PENDIDIKAN FISIKA | D10: S1 | E10: 120 | F10: 155 | G10: 78 | H10: =E10-G10
A11: 37 | B11: 0510901 | C11: PROTEKSI TANAMAN | D11: S1 | E11: 80 | F11: 105 | G11: 49 | H11: =E11-G11
A12: 78 | B12: 0411501 | C12: TEKNIK SUMBER DAYA AIR | D12: S1 | E12: 80 | F12: 122 | G12: 52 | H12: =E12-G12
A13: 32 | B13: 0510801 | C13: ILMU TANAH | D13: S1 | E13: 120 | F13: 195 | G13: 78 | H13: =E13-G13
A14: 15 | B14: 0610304 | C14: PENDIDIKAN KIMIA | D14: S1 | E14: 120 | F14: 206 | G14: 75 | H14: =E14-G14
... A83: 27 | B83: 0810901 | C83: FARMASI | D83: S1 | E83: 90 | F83: 3526 | G83: 89 | H83: =E83-G83
A84: TOTAL KESELURUHAN UNIVERSITAS | E84: =SUM(E3:E83) | F84: =SUM(F3:F83) | G84: =SUM(G3:G83) | H84: =SUM(H3:H83)

Sheet Tahun_2025
A1: No | B1: Kode Prodi | C1: Nama Prodi | D1: Jenjang | E1: 2025
A2: No | B2: Kode Prodi | C2: Nama Prodi | D2: Jenjang | E2: Total Daya Tampung | F2: Total Peminat | G2: Total Daftar Ulang | H2: Sisa Kuota
A3: 1 | B3: 0210101 | C3: PENDIDIKAN DOKTER HEWAN | D3: S1 | E3: 240 | F3: 1010 | G3: 227 | H3: =E3-G3
A4: 2 | B4: 0400101 | C4: TEKNIK SIPIL | D4: S1 | E4: 280 | F4: 1409 | G4: 232 | H4: =E4-G4
A5: 3 | B5: 0400201 | C5: TEKNIK MESIN | D5: S1 | E5: 120 | F5: 662 | G5: 101 | H5: =E5-G5
A6: 4 | B6: 0410301 | C6: TEKNIK KIMIA | D6: S1 | E6: 180 | F6: 474 | G6: 116 | H6: =E6-G6
A7: 5 | B7: 0410401 | C7: ARSITEKTUR | D7: S1 | E7: 160 | F7: 610 | G7: 120 | H7: =E7-G7
A8: 6 | B8: 0410501 | C8: TEKNIK ELEKTRO | D8: S1 | E8: 160 | F8: 709 | G8: 113 | H8: =E8-G8
A9: 7 | B9: 0510105 | C9: AGROTEKNOLOGI | D9: S1 | E9: 120 | F9: 549 | G9: 88 | H9: =E9-G9
A10: 8 | B10: 0510201 | C10: AGRIBISNIS | D10: S1 | E10: 160 | F10: 789 | G10: 126 | H10: =E10-G10
A11: 9 | B11: 0510401 | C11: PETERNAKAN | D11: S1 | E11: 130 | F11: 290 | G11: 88 | H11: =E11-G11
A12: 10 | B12: 0510501 | C12: TEKNOLOGI HASIL PERTANIAN | D12: S1 | E12: 160 | F12: 378 | G12: 102 | H12: =E12-G12
A13: 11 | B13: 0510601 | C13: TEKNIK PERTANIAN | D13: S1 | E13: 160 | F13: 553 | G13: 118 | H13: =E13-G13
A14: 12 | B14: 0610301 | C14: PENDIDIKAN BIOLOGI | D14: S1 | E14: 120 | F14: 533 | G14: 82 | H14: =E14-G14
... A83: 81 | B83: 0910101 | C83: HUBUNGAN INTERNASIONAL | D83: S1 | E83: 0 | F83: 0 | G83: 0 | H83: =E83-G83
A84: TOTAL KESELURUHAN UNIVERSITAS | E84: =SUM(E3:E83) | F84: =SUM(F3:F83) | G84: =SUM(G3:G83) | H84: =SUM(H3:H83)

Sheet Tahun_2024
A1: No | B1: Kode Prodi | C1: Nama Prodi | D1: Jenjang | E1: 2024
A2: No | B2: Kode Prodi | C2: Nama Prodi | D2: Jenjang | E2: Total Daya Tampung | F2: Total Peminat | G2: Total Daftar Ulang | H2: Sisa Kuota
A3: 1 | B3: 0210101 | C3: PENDIDIKAN DOKTER HEWAN | D3: S1 | E3: 240 | F3: 984 | G3: 219 | H3: =E3-G3
A4: 2 | B4: 0400101 | C4: TEKNIK SIPIL | D4: S1 | E4: 280 | F4: 1305 | G4: 223 | H4: =E4-G4
A5: 3 | B5: 0400201 | C5: TEKNIK MESIN | D5: S1 | E5: 120 | F5: 550 | G5: 101 | H5: =E5-G5
A6: 4 | B6: 0410301 | C6: TEKNIK KIMIA | D6: S1 | E6: 160 | F6: 398 | G6: 100 | H6: =E6-G6
A7: 5 | B7: 0410401 | C7: ARSITEKTUR | D7: S1 | E7: 160 | F7: 641 | G7: 122 | H7: =E7-G7
A8: 6 | B8: 0410501 | C8: TEKNIK ELEKTRO | D8: S1 | E8: 160 | F8: 490 | G8: 113 | H8: =E8-G8
A9: 7 | B9: 0510105 | C9: AGROTEKNOLOGI | D9: S1 | E9: 120 | F9: 412 | G9: 75 | H9: =E9-G9
A10: 8 | B10: 0510201 | C10: AGRIBISNIS | D10: S1 | E10: 160 | F10: 735 | G10: 126 | H10: =E10-G10
A11: 9 | B11: 0510401 | C11: PETERNAKAN | D11: S1 | E11: 120 | F11: 276 | G11: 82 | H11: =E11-G11
A12: 10 | B12: 0510501 | C12: TEKNOLOGI HASIL PERTANIAN | D12: S1 | E12: 160 | F12: 265 | G12: 91 | H12: =E12-G12
A13: 11 | B13: 0510601 | C13: TEKNIK PERTANIAN | D13: S1 | E13: 160 | F13: 408 | G13: 99 | H13: =E13-G13
A14: 12 | B14: 0610301 | C14: PENDIDIKAN BIOLOGI | D14: S1 | E14: 160 | F14: 492 | G14: 115 | H14: =E14-G14
... A83: 81 | B83: 0910101 | C83: HUBUNGAN INTERNASIONAL | D83: S1 | E83: 0 | F83: 0 | G83: 0 | H83: =E83-G83
A84: TOTAL KESELURUHAN UNIVERSITAS | E84: =SUM(E3:E83) | F84: =SUM(F3:F83) | G84: =SUM(G3:G83) | H84: =SUM(H3:H83)

Sheet Tahun_2023
A1: No | B1: Kode Prodi | C1: Nama Prodi | D1: Jenjang | E1: 2023
A2: No | B2: Kode Prodi | C2: Nama Prodi | D2: Jenjang | E2: Total Daya Tampung | F2: Total Peminat | G2: Total Daftar Ulang | H2: Sisa Kuota
A3: 1 | B3: 0210101 | C3: PENDIDIKAN DOKTER HEWAN | D3: S1 | E3: 200 | F3: 952 | G3: 174 | H3: =E3-G3
A4: 2 | B4: 0400101 | C4: TEKNIK SIPIL | D4: S1 | E4: 215 | F4: 1064 | G4: 169 | H4: =E4-G4
A5: 3 | B5: 0400201 | C5: TEKNIK MESIN | D5: S1 | E5: 120 | F5: 457 | G5: 87 | H5: =E5-G5
A6: 4 | B6: 0410301 | C6: TEKNIK KIMIA | D6: S1 | E6: 140 | F6: 293 | G6: 85 | H6: =E6-G6
A7: 5 | B7: 0410401 | C7: ARSITEKTUR | D7: S1 | E7: 150 | F7: 558 | G7: 116 | H7: =E7-G7
A8: 6 | B8: 0410501 | C8: TEKNIK ELEKTRO | D8: S1 | E8: 120 | F8: 410 | G8: 79 | H8: =E8-G8
A9: 7 | B9: 0510105 | C9: AGROTEKNOLOGI | D9: S1 | E9: 120 | F9: 380 | G9: 78 | H9: =E9-G9
A10: 8 | B10: 0510201 | C10: AGRIBISNIS | D10: S1 | E10: 110 | F10: 610 | G10: 81 | H10: =E10-G10
A11: 9 | B11: 0510401 | C11: PETERNAKAN | D11: S1 | E11: 115 | F11: 246 | G11: 76 | H11: =E11-G11
A12: 10 | B12: 0510501 | C12: TEKNOLOGI HASIL PERTANIAN | D12: S1 | E12: 100 | F12: 211 | G12: 60 | H12: =E12-G12
A13: 11 | B13: 0510601 | C13: TEKNIK PERTANIAN | D13: S1 | E13: 140 | F13: 431 | G13: 85 | H13: =E13-G13
A14: 12 | B14: 0610301 | C14: PENDIDIKAN BIOLOGI | D14: S1 | E14: 130 | F14: 383 | G14: 82 | H14: =E14-G14
... A83: 81 | B83: 0910101 | C83: HUBUNGAN INTERNASIONAL | D83: S1 | E83: 0 | F83: 0 | G83: 0 | H83: =E83-G83
A84: TOTAL KESELURUHAN UNIVERSITAS | E84: =SUM(E3:E83) | F84: =SUM(F3:F83) | G84: =SUM(G3:G83) | H84: =SUM(H3:H83)

Sheet Tahun_2022
A1: No | B1: Kode Prodi | C1: Nama Prodi | D1: Jenjang | E1: 2022
A2: No | B2: Kode Prodi | C2: Nama Prodi | D2: Jenjang | E2: Total Daya Tampung | F2: Total Peminat | G2: Total Daftar Ulang | H2: Sisa Kuota
A3: 1 | B3: 0210101 | C3: PENDIDIKAN DOKTER HEWAN | D3: S1 | E3: 220 | F3: 1344 | G3: 193 | H3: =E3-G3
A4: 2 | B4: 0400101 | C4: TEKNIK SIPIL | D4: S1 | E4: 180 | F4: 1231 | G4: 154 | H4: =E4-G4
A5: 3 | B5: 0400201 | C5: TEKNIK MESIN | D5: S1 | E5: 140 | F5: 442 | G5: 96 | H5: =E5-G5
A6: 4 | B6: 0410301 | C6: TEKNIK KIMIA | D6: S1 | E6: 140 | F6: 344 | G6: 96 | H6: =E6-G6
A7: 5 | B7: 0410401 | C7: ARSITEKTUR | D7: S1 | E7: 140 | F7: 720 | G7: 116 | H7: =E7-G7
A8: 6 | B8: 0410501 | C8: TEKNIK ELEKTRO | D8: S1 | E8: 140 | F8: 449 | G8: 87 | H8: =E8-G8
A9: 7 | B9: 0510105 | C9: AGROTEKNOLOGI | D9: S1 | E9: 120 | F9: 528 | G9: 93 | H9: =E9-G9
A10: 8 | B10: 0510201 | C10: AGRIBISNIS | D10: S1 | E10: 110 | F10: 875 | G10: 98 | H10: =E10-G10
A11: 9 | B11: 0510401 | C11: PETERNAKAN | D11: S1 | E11: 118 | F11: 331 | G11: 81 | H11: =E11-G11
A12: 10 | B12: 0510501 | C12: TEKNOLOGI HASIL PERTANIAN | D12: S1 | E12: 80 | F12: 291 | G12: 52 | H12: =E12-G12
A13: 11 | B13: 0510601 | C13: TEKNIK PERTANIAN | D13: S1 | E13: 140 | F13: 515 | G13: 93 | H13: =E13-G13
A14: 12 | B14: 0610301 | C14: PENDIDIKAN BIOLOGI | D14: S1 | E14: 120 | F14: 550 | G14: 84 | H14: =E14-G14
... A83: 81 | B83: 0910101 | C83: HUBUNGAN INTERNASIONAL | D83: S1 | E83: 0 | F83: 0 | G83: 0 | H83: =E83-G83
A84: TOTAL KESELURUHAN UNIVERSITAS | E84: =SUM(E3:E83) | F84: =SUM(F3:F83) | G84: =SUM(G3:G83) | H84: =SUM(H3:H83)
